<desktopflowbinary desktopflowbinaryid="4537a820-2a42-4cb1-8b21-2df37aab68e4">
  <data mimetype="application/json">ImageRepository_3c99d482-5b90-4f81-b86d-6d6d493cff88.json</data>
  <iscustomizable>1</iscustomizable>
  <metadata>{}</metadata>
  <mimetype>application/json</mimetype>
  <name>Desktop flow images</name>
  <process>
    <workflowid>b2560cfa-565a-4724-bfa9-9dfda6f29354</workflowid>
  </process>
  <reference>imageRepo.imgrepo</reference>
  <statecode>0</statecode>
  <statuscode>1</statuscode>
  <type>ImageRepository</type>
</desktopflowbinary>