<desktopflowbinary desktopflowbinaryid="919152f7-9cc2-4d29-959a-e986fa17bac2">
  <data mimetype="application/json">ManifestFile_919152f7-9cc2-4d29-959a-e986fa17bac2.json</data>
  <iscustomizable>1</iscustomizable>
  <metadata>{}</metadata>
  <mimetype>application/json</mimetype>
  <name>Desktop flow manifest file</name>
  <process>
    <workflowid>b2560cfa-565a-4724-bfa9-9dfda6f29354</workflowid>
  </process>
  <reference>flow.manifest</reference>
  <statecode>0</statecode>
  <statuscode>1</statuscode>
  <type>ManifestFile</type>
</desktopflowbinary>