<desktopflowbinary desktopflowbinaryid="9f7c5bdf-a52d-414c-a4d4-86cbe64ea38c">
  <data mimetype="application/json">ManifestFile_9f7c5bdf-a52d-414c-a4d4-86cbe64ea38c.json</data>
  <iscustomizable>1</iscustomizable>
  <metadata>{}</metadata>
  <mimetype>application/json</mimetype>
  <name>Desktop flow manifest file</name>
  <process>
    <workflowid>d14b7030-80c2-4906-9442-54a2a1e0c812</workflowid>
  </process>
  <reference>flow.manifest</reference>
  <statecode>0</statecode>
  <statuscode>1</statuscode>
  <type>ManifestFile</type>
</desktopflowbinary>