<desktopflowbinary desktopflowbinaryid="6b6164f1-99f9-4f89-9c29-31ba47673ffe">
  <data mimetype="application/json">ImageRepository_367e5ba1-8326-486c-bb55-db50df417f8b.json</data>
  <iscustomizable>1</iscustomizable>
  <metadata>{}</metadata>
  <mimetype>application/json</mimetype>
  <name>Desktop flow images</name>
  <process>
    <workflowid>5ef77bae-a106-4ba2-9edc-7ed1dcf89644</workflowid>
  </process>
  <reference>imageRepo.imgrepo</reference>
  <statecode>0</statecode>
  <statuscode>1</statuscode>
  <type>ImageRepository</type>
</desktopflowbinary>