<desktopflowbinary desktopflowbinaryid="259885bf-4a84-441d-81a1-60b4f1b4871b">
  <data mimetype="application/json">ControlRepository_606f2be5-598f-4ca3-8f53-8613c9e228e2.json</data>
  <iscustomizable>1</iscustomizable>
  <metadata>{}</metadata>
  <mimetype>application/json</mimetype>
  <name>Desktop flow ui elements</name>
  <process>
    <workflowid>b2560cfa-565a-4724-bfa9-9dfda6f29354</workflowid>
  </process>
  <reference>controlRepo.appmask</reference>
  <statecode>0</statecode>
  <statuscode>1</statuscode>
  <type>ControlRepository</type>
</desktopflowbinary>