<desktopflowbinary desktopflowbinaryid="c983003a-d906-4935-a00d-379e7a609dbe">
  <data mimetype="application/json">ImageRepository_b2595575-e75e-4ab1-b0c4-84d0cc614c67.json</data>
  <iscustomizable>1</iscustomizable>
  <metadata>{}</metadata>
  <mimetype>application/json</mimetype>
  <name>Desktop flow images</name>
  <process>
    <workflowid>d8f793a6-4c7a-42eb-9d7c-b06c28c0a8ba</workflowid>
  </process>
  <reference>imageRepo.imgrepo</reference>
  <statecode>0</statecode>
  <statuscode>1</statuscode>
  <type>ImageRepository</type>
</desktopflowbinary>