<desktopflowbinary desktopflowbinaryid="c51d8419-1c38-4875-86a1-b9d306460228">
  <data mimetype="application/json">ControlRepository_38a2115b-a57b-4293-93c2-a6dba930980c.json</data>
  <iscustomizable>1</iscustomizable>
  <metadata>{}</metadata>
  <mimetype>application/json</mimetype>
  <name>Desktop flow ui elements</name>
  <process>
    <workflowid>d14b7030-80c2-4906-9442-54a2a1e0c812</workflowid>
  </process>
  <reference>controlRepo.appmask</reference>
  <statecode>0</statecode>
  <statuscode>1</statuscode>
  <type>ControlRepository</type>
</desktopflowbinary>