<desktopflowbinary desktopflowbinaryid="f91f5939-bee1-4ba1-bff0-c953a0984abb">
  <data mimetype="application/json">DependenciesFile_99c56a99-0564-42e7-8828-7126d1454c99.json</data>
  <iscustomizable>1</iscustomizable>
  <metadata>{}</metadata>
  <mimetype>application/json</mimetype>
  <name>Desktop flow dependencies file</name>
  <process>
    <workflowid>d14b7030-80c2-4906-9442-54a2a1e0c812</workflowid>
  </process>
  <reference>flow.dependencies</reference>
  <statecode>0</statecode>
  <statuscode>1</statuscode>
  <type>DependenciesFile</type>
</desktopflowbinary>