{
  "properties": {
    "connectionReferences": {
      "shared_microsoftforms": {
        "api": {
          "name": "shared_microsoftforms"
        },
        "connection": {
          "connectionReferenceLogicalName": "new_sharedmicrosoftforms_c0d10"
        },
        "runtimeSource": "embedded"
      },
      "shared_uiflow": {
        "api": {
          "name": "shared_uiflow"
        },
        "connection": {
          "connectionReferenceLogicalName": "new_shareduiflow_c52a1"
        },
        "runtimeSource": "embedded"
      },
      "shared_office365": {
        "api": {
          "name": "shared_office365"
        },
        "connection": {
          "connectionReferenceLogicalName": "new_sharedoffice365_d5e9e"
        },
        "runtimeSource": "embedded"
      }
    },
    "definition": {
      "$schema": "https://schema.management.azure.com/providers/Microsoft.Logic/schemas/2016-06-01/workflowdefinition.json#",
      "contentVersion": "1.0.0.0",
      "parameters": {
        "$authentication": {
          "defaultValue": {},
          "type": "SecureObject"
        },
        "$connections": {
          "defaultValue": {},
          "type": "Object"
        }
      },
      "triggers": {
        "Wanneer_er_een_nieuwe_reactie_wordt_verzonden": {
          "type": "OpenApiConnectionWebhook",
          "inputs": {
            "parameters": {
              "form_id": "DAcoOyIUN0qI-3HYdVQ0QhIof1pHmgRBg3WFCIv9t5ZUNkY3WUxPM0U5MDIyQUtTTUs3UVRWMzRMVC4u"
            },
            "host": {
              "apiId": "/providers/Microsoft.PowerApps/apis/shared_microsoftforms",
              "operationId": "CreateFormWebhook",
              "connectionName": "shared_microsoftforms"
            }
          },
          "splitOn": "@triggerOutputs()?['body/value']"
        }
      },
      "actions": {
        "Reactiedetails_ophalen": {
          "type": "OpenApiConnection",
          "inputs": {
            "parameters": {
              "form_id": "DAcoOyIUN0qI-3HYdVQ0QhIof1pHmgRBg3WFCIv9t5ZUNkY3WUxPM0U5MDIyQUtTTUs3UVRWMzRMVC4u",
              "response_id": "@triggerOutputs()?['body/resourceData/responseId']"
            },
            "host": {
              "apiId": "/providers/Microsoft.PowerApps/apis/shared_microsoftforms",
              "operationId": "GetFormResponseById",
              "connectionName": "shared_microsoftforms"
            }
          },
          "runAfter": {}
        },
        "Run_a_flow_built_with_Power_Automate_for_desktop": {
          "type": "OpenApiConnection",
          "inputs": {
            "parameters": {
              "uiFlowId": "b2560cfa-565a-4724-bfa9-9dfda6f29354",
              "runMode": "attended",
              "item/AD_USERNAME": "@outputs('Reactiedetails_ophalen')?['body/r3938c89b016a443cb0c3333f7f9d7fb2']",
              "item/Empoyee_ID": "@outputs('Reactiedetails_ophalen')?['body/rf9af1384c98d48379d961b8cc2c70c52']",
              "item/USER_FIRST_LASTNAME": "@outputs('Reactiedetails_ophalen')?['body/recd7b86e43d442939aac60e4f8432672']"
            },
            "host": {
              "apiId": "/providers/Microsoft.PowerApps/apis/shared_uiflow",
              "operationId": "RunUIFlow_V2",
              "connectionName": "shared_uiflow"
            }
          },
          "runAfter": {
            "Send_an_email_(V2)": [
              "Succeeded"
            ]
          }
        },
        "Send_an_email_(V2)": {
          "type": "OpenApiConnection",
          "inputs": {
            "parameters": {
              "emailMessage/To": "g.sanders@student.fontys.nl",
              "emailMessage/Subject": "Innovatech Solutions Offboarding Request from: @{outputs('Reactiedetails_ophalen')?['body/responder']}",
              "emailMessage/Body": "<p class=\"editor-paragraph\">An offboarding request for Innovatech Solutions has been submitted by an HR employee with the following email address: @{outputs('Reactiedetails_ophalen')?['body/responder']}<br><br><br>More information about the request can be found by viewing the responses in MS Forms: https://tinyurl.com/2xn7xhwz</p>",
              "emailMessage/Importance": "Normal"
            },
            "host": {
              "apiId": "/providers/Microsoft.PowerApps/apis/shared_office365",
              "operationId": "SendEmailV2",
              "connectionName": "shared_office365"
            }
          },
          "runAfter": {
            "Reactiedetails_ophalen": [
              "Succeeded"
            ]
          }
        }
      },
      "outputs": {}
    },
    "templateName": null
  },
  "schemaVersion": "1.0.0.0"
}