{
  "properties": {
    "connectionReferences": {
      "shared_microsoftforms": {
        "api": {
          "name": "shared_microsoftforms"
        },
        "connection": {
          "connectionReferenceLogicalName": "new_sharedmicrosoftforms_c0d10"
        },
        "runtimeSource": "embedded"
      },
      "shared_uiflow": {
        "api": {
          "name": "shared_uiflow"
        },
        "connection": {
          "connectionReferenceLogicalName": "new_shareduiflow_c52a1"
        },
        "runtimeSource": "embedded"
      },
      "shared_office365": {
        "api": {
          "name": "shared_office365"
        },
        "connection": {
          "connectionReferenceLogicalName": "new_sharedoffice365_d5e9e"
        },
        "runtimeSource": "embedded"
      }
    },
    "definition": {
      "$schema": "https://schema.management.azure.com/providers/Microsoft.Logic/schemas/2016-06-01/workflowdefinition.json#",
      "contentVersion": "1.0.0.0",
      "parameters": {
        "$authentication": {
          "defaultValue": {},
          "type": "SecureObject"
        },
        "$connections": {
          "defaultValue": {},
          "type": "Object"
        }
      },
      "triggers": {
        "Wanneer_er_een_nieuwe_reactie_wordt_verzonden": {
          "type": "OpenApiConnectionWebhook",
          "inputs": {
            "parameters": {
              "form_id": "DAcoOyIUN0qI-3HYdVQ0QhIof1pHmgRBg3WFCIv9t5ZUOU1QWlNJVFQ3UVc4U1ZUVVM4OE5CTDdQTS4u"
            },
            "host": {
              "apiId": "/providers/Microsoft.PowerApps/apis/shared_microsoftforms",
              "operationId": "CreateFormWebhook",
              "connectionName": "shared_microsoftforms"
            }
          },
          "splitOn": "@triggerOutputs()?['body/value']"
        }
      },
      "actions": {
        "Reactiedetails_ophalen": {
          "type": "OpenApiConnection",
          "inputs": {
            "parameters": {
              "form_id": "DAcoOyIUN0qI-3HYdVQ0QhIof1pHmgRBg3WFCIv9t5ZUOU1QWlNJVFQ3UVc4U1ZUVVM4OE5CTDdQTS4u",
              "response_id": "@triggerOutputs()?['body/resourceData/responseId']"
            },
            "host": {
              "apiId": "/providers/Microsoft.PowerApps/apis/shared_microsoftforms",
              "operationId": "GetFormResponseById",
              "connectionName": "shared_microsoftforms"
            }
          },
          "runAfter": {}
        },
        "Run_a_flow_built_with_Power_Automate_for_desktop": {
          "type": "OpenApiConnection",
          "inputs": {
            "parameters": {
              "uiFlowId": "5ef77bae-a106-4ba2-9edc-7ed1dcf89644",
              "runMode": "attended",
              "item/EMPLOYEE_FIRST_NAME": "@outputs('Reactiedetails_ophalen')?['body/r3938c89b016a443cb0c3333f7f9d7fb2']",
              "item/EMPLOYEE_LAST_NAME": "@outputs('Reactiedetails_ophalen')?['body/rdeba32aaab34472a96da68a07d696933']",
              "item/EMPLOYEE_FUNCTION": "@outputs('Reactiedetails_ophalen')?['body/rf2eae90a56ed40619154d379b7718ced']",
              "item/Employee_Date_Of_Birth": "@outputs('Reactiedetails_ophalen')?['body/r944c52bff4b84a8da6425370e4e48227']",
              "item/Employee_Adress": "@outputs('Reactiedetails_ophalen')?['body/r8477d7e556174ae5ab99653c56f2e7f9']",
              "item/Employee_Place": "@outputs('Reactiedetails_ophalen')?['body/re8060a4a0a1b49b7bf785be5887c3e1e']",
              "item/Employee_Postal_Code": "@outputs('Reactiedetails_ophalen')?['body/ra1bd0f0a6ce04bc0951819ad7ab35c5c']",
              "item/Employee_Start_Of_Employment": "@outputs('Reactiedetails_ophalen')?['body/r0ce0df63c61e4b80b2c57515b723cfef']",
              "item/Employee_Location": "@outputs('Reactiedetails_ophalen')?['body/r886dce83bdad4c70b5ca4420206e4e0e']",
              "item/Employee_Phone_Number": "@outputs('Reactiedetails_ophalen')?['body/r081f4217a002436f87b7ee508f6b4e29']"
            },
            "host": {
              "apiId": "/providers/Microsoft.PowerApps/apis/shared_uiflow",
              "operationId": "RunUIFlow_V2",
              "connectionName": "shared_uiflow"
            }
          },
          "runAfter": {
            "Send_an_email_(V2)": [
              "Succeeded"
            ]
          }
        },
        "Send_an_email_(V2)": {
          "type": "OpenApiConnection",
          "inputs": {
            "parameters": {
              "emailMessage/To": "g.sanders@student.fontys.nl",
              "emailMessage/Subject": "Innovatech Solutions Onboarding Request from: @{outputs('Reactiedetails_ophalen')?['body/responder']}",
              "emailMessage/Body": "<p class=\"editor-paragraph\">An onboarding request for Innovatech Solutions has been submitted by an HR employee with the following email address: @{outputs('Reactiedetails_ophalen')?['body/responder']}<br><br><br>More information about the request can be found by viewing the responses in MS Forms: https://tinyurl.com/mtrxjsn6</p>",
              "emailMessage/Importance": "Normal"
            },
            "host": {
              "apiId": "/providers/Microsoft.PowerApps/apis/shared_office365",
              "operationId": "SendEmailV2",
              "connectionName": "shared_office365"
            }
          },
          "runAfter": {
            "Reactiedetails_ophalen": [
              "Succeeded"
            ]
          }
        }
      },
      "outputs": {}
    },
    "templateName": null
  },
  "schemaVersion": "1.0.0.0"
}