<desktopflowbinary desktopflowbinaryid="661a6ed9-3a38-456e-8a0a-f5e72e4ceb20">
  <data mimetype="application/json">ManifestFile_661a6ed9-3a38-456e-8a0a-f5e72e4ceb20.json</data>
  <iscustomizable>1</iscustomizable>
  <metadata>{}</metadata>
  <mimetype>application/json</mimetype>
  <name>Desktop flow manifest file</name>
  <process>
    <workflowid>d8f793a6-4c7a-42eb-9d7c-b06c28c0a8ba</workflowid>
  </process>
  <reference>flow.manifest</reference>
  <statecode>0</statecode>
  <statuscode>1</statuscode>
  <type>ManifestFile</type>
</desktopflowbinary>