<desktopflowbinary desktopflowbinaryid="e5de144c-dd0c-4cc3-afe8-d3e28470d804">
  <data mimetype="application/json">ManifestFile_e5de144c-dd0c-4cc3-afe8-d3e28470d804.json</data>
  <iscustomizable>1</iscustomizable>
  <metadata>{}</metadata>
  <mimetype>application/json</mimetype>
  <name>Desktop flow manifest file</name>
  <process>
    <workflowid>5ef77bae-a106-4ba2-9edc-7ed1dcf89644</workflowid>
  </process>
  <reference>flow.manifest</reference>
  <statecode>0</statecode>
  <statuscode>1</statuscode>
  <type>ManifestFile</type>
</desktopflowbinary>