<desktopflowbinary desktopflowbinaryid="0e49c06c-3355-4d58-a8d4-de59aef40483">
  <data mimetype="application/json">DependenciesFile_faa3dd5b-2772-4b32-a7ff-80876743c3ba.json</data>
  <iscustomizable>1</iscustomizable>
  <metadata>{}</metadata>
  <mimetype>application/json</mimetype>
  <name>Desktop flow dependencies file</name>
  <process>
    <workflowid>d8f793a6-4c7a-42eb-9d7c-b06c28c0a8ba</workflowid>
  </process>
  <reference>flow.dependencies</reference>
  <statecode>0</statecode>
  <statuscode>1</statuscode>
  <type>DependenciesFile</type>
</desktopflowbinary>