<desktopflowbinary desktopflowbinaryid="74a98867-11ee-4a3a-8fe1-09d40f15496b">
  <data mimetype="application/json">DependenciesFile_1c31b29d-b92f-4708-bda7-1182168b7ff4.json</data>
  <iscustomizable>1</iscustomizable>
  <metadata>{}</metadata>
  <mimetype>application/json</mimetype>
  <name>Desktop flow dependencies file</name>
  <process>
    <workflowid>b2560cfa-565a-4724-bfa9-9dfda6f29354</workflowid>
  </process>
  <reference>flow.dependencies</reference>
  <statecode>0</statecode>
  <statuscode>1</statuscode>
  <type>DependenciesFile</type>
</desktopflowbinary>