<desktopflowbinary desktopflowbinaryid="2e2c745a-e30b-4eed-abe7-24572f833f09">
  <data mimetype="application/json">ControlRepository_6dd0fc4d-fb52-473b-85be-81de2367d662.json</data>
  <iscustomizable>1</iscustomizable>
  <metadata>{}</metadata>
  <mimetype>application/json</mimetype>
  <name>Desktop flow ui elements</name>
  <process>
    <workflowid>d8f793a6-4c7a-42eb-9d7c-b06c28c0a8ba</workflowid>
  </process>
  <reference>controlRepo.appmask</reference>
  <statecode>0</statecode>
  <statuscode>1</statuscode>
  <type>ControlRepository</type>
</desktopflowbinary>