<desktopflowbinary desktopflowbinaryid="a14407be-3532-4b87-bcc7-5f0d460bedd4">
  <data mimetype="application/json">ControlRepository_dada2719-0679-496f-804c-0a838f50e1ef.json</data>
  <iscustomizable>1</iscustomizable>
  <metadata>{}</metadata>
  <mimetype>application/json</mimetype>
  <name>Desktop flow ui elements</name>
  <process>
    <workflowid>5ef77bae-a106-4ba2-9edc-7ed1dcf89644</workflowid>
  </process>
  <reference>controlRepo.appmask</reference>
  <statecode>0</statecode>
  <statuscode>1</statuscode>
  <type>ControlRepository</type>
</desktopflowbinary>