<desktopflowbinary desktopflowbinaryid="7b16a481-6790-4af6-b260-551aaf7d535f">
  <data mimetype="application/json">DependenciesFile_ae231ce9-434e-4575-bafa-d9e7bb7ec564.json</data>
  <iscustomizable>1</iscustomizable>
  <metadata>{}</metadata>
  <mimetype>application/json</mimetype>
  <name>Desktop flow dependencies file</name>
  <process>
    <workflowid>5ef77bae-a106-4ba2-9edc-7ed1dcf89644</workflowid>
  </process>
  <reference>flow.dependencies</reference>
  <statecode>0</statecode>
  <statuscode>1</statuscode>
  <type>DependenciesFile</type>
</desktopflowbinary>