<desktopflowbinary desktopflowbinaryid="a2eaa3fa-19cb-47ba-9da8-ccf481727e1b">
  <data mimetype="application/json">ImageRepository_66a84300-610f-460d-8272-754a85a14072.json</data>
  <iscustomizable>1</iscustomizable>
  <metadata>{}</metadata>
  <mimetype>application/json</mimetype>
  <name>Desktop flow images</name>
  <process>
    <workflowid>d14b7030-80c2-4906-9442-54a2a1e0c812</workflowid>
  </process>
  <reference>imageRepo.imgrepo</reference>
  <statecode>0</statecode>
  <statuscode>1</statuscode>
  <type>ImageRepository</type>
</desktopflowbinary>